[{
  "_id": {
    "$oid": "6707620b6d94bcef1ac5ea69"
  },
  "name": "Manali, India",
  "desc": "Oct 15-20",
  "price": "$49",
  "rating": 4.85,
  "type": "2 bedroom",
  "cat_id": "670742f459c69c68200f2118",
  "imgsrc": "1728537099126-e28db6a3-6932-4c82-809e-546ef1d9f5a9.webp",
  "__v": 0
},
{
  "_id": {
    "$oid": "6707626d6d94bcef1ac5ea72"
  },
  "name": "Pharog, India",
  "desc": "Oct 22- Nov 1",
  "price": "$100",
  "rating": 3.6,
  "type": "1 bedroom",
  "cat_id": "670742f459c69c68200f2118",
  "imgsrc": "1728537197637-a79e82dc-85a0-463a-b769-ff90eb2b9d17.webp",
  "__v": 0
},
{
  "_id": {
    "$oid": "6707629f6d94bcef1ac5ea76"
  },
  "name": "Badowala, India",
  "desc": "Oct 1-30",
  "price": "$ 312",
  "rating": 5,
  "type": "2 bedroom",
  "cat_id": "670742f459c69c68200f2118",
  "imgsrc": "1728537247686-94605df9-10d9-4082-ad2d-3b11ec519386.webp",
  "__v": 0
},
{
  "_id": {
    "$oid": "670763c66d94bcef1ac5ea7e"
  },
  "name": "Bir, India",
  "desc": "Oct 13-20",
  "price": "$121",
  "rating": 2.5,
  "type": "1 bedroom",
  "cat_id": "670742f459c69c68200f2118",
  "imgsrc": "1728537542530-fa04d4b3-76b7-4b46-97fe-e1e2721f5e44.webp",
  "__v": 0
},
{
  "_id": {
    "$oid": "6707641c6d94bcef1ac5ea8c"
  },
  "name": "Bujra, India",
  "desc": "Oct 2-3",
  "price": "$49",
  "rating": 3.92,
  "type": "2 bedroom",
  "cat_id": "6707430459c69c68200f211c",
  "imgsrc": "1728537628140-f0f0a291-65a9-442b-9036-45b7e5e25676.webp",
  "__v": 0
},
{
  "_id": {
    "$oid": "670765526d94bcef1ac5ea92"
  },
  "name": "Gualto Kattanio, Italy",
  "desc": "1 year",
  "price": "$500",
  "rating": 4.32,
  "type": "2 bedroom",
  "cat_id": "6707430459c69c68200f211c",
  "imgsrc": "1728537938579-image_2024-10-09_222057027.png",
  "__v": 0
},
{
  "_id": {
    "$oid": "670765b16d94bcef1ac5ea96"
  },
  "name": "Bad wimbath aun fau bougette",
  "desc": "1 year",
  "price": "$49",
  "rating": 2,
  "type": "2 bedroom",
  "cat_id": "6707430459c69c68200f211c",
  "imgsrc": "1728538033162-image_2024-10-09_222552374.png",
  "__v": 0
},
{
  "_id": {
    "$oid": "6707660d6d94bcef1ac5ea9a"
  },
  "name": "Twin Towers",
  "desc": "Allah Hu Akbar",
  "price": "$911",
  "rating": 1.1,
  "type": "1 bedroom",
  "cat_id": "6707430459c69c68200f211c",
  "imgsrc": "1728538125480-image_2024-10-09_222756947.png",
  "__v": 0
},
{
  "_id": {
    "$oid": "670766d36d94bcef1ac5eaa5"
  },
  "name": "Stege, Denmark",
  "desc": "1 year",
  "price": "$35",
  "rating": 4,
  "type": "1 bedroom",
  "cat_id": "6707431d59c69c68200f2120",
  "imgsrc": "1728538322989-image_2024-10-09_223133931.png",
  "__v": 0
}]