[{
  "_id": {
    "$oid": "670742f459c69c68200f2118"
  },
  "name": "farms",
  "imgsrc": "1728529140318-aaa02c2d-9f0d-4c41-878a-68c12ec6c6bd.jpg",
  "__v": 0
},
{
  "_id": {
    "$oid": "6707430459c69c68200f211c"
  },
  "name": "castles",
  "imgsrc": "1728529156111-1b6a8b70-a3b6-48b5-88e1-2243d9172c06.jpg",
  "__v": 0
},
{
  "_id": {
    "$oid": "6707431d59c69c68200f2120"
  },
  "name": "OMG!",
  "imgsrc": "1728529181101-c5a4f6fc-c92c-4ae8-87dd-57f1ff1b89a6.jpg",
  "__v": 0
},
{
  "_id": {
    "$oid": "6707433159c69c68200f2124"
  },
  "name": "caves",
  "imgsrc": "1728529201500-4221e293-4770-4ea8-a4fa-9972158d4004.jpg",
  "__v": 0
},
{
  "_id": {
    "$oid": "6707434259c69c68200f2128"
  },
  "name": "islands",
  "imgsrc": "1728529218139-8e507f16-4943-4be9-b707-59bd38d56309.jpg",
  "__v": 0
},
{
  "_id": {
    "$oid": "6707435059c69c68200f212c"
  },
  "name": "rooms",
  "imgsrc": "1728529232985-7630c83f-96a8-4232-9a10-0398661e2e6f.jpg",
  "__v": 0
},
{
  "_id": {
    "$oid": "6707435c59c69c68200f2130"
  },
  "name": "top cities",
  "imgsrc": "1728529244180-ed8b9e47-609b-44c2-9768-33e6a22eccb2.jpg",
  "__v": 0
},
{
  "_id": {
    "$oid": "6707437d59c69c68200f2134"
  },
  "name": "amazing views",
  "imgsrc": "1728529277468-3b1eb541-46d9-4bef-abc4-c37d77e3c21b.jpg",
  "__v": 0
},
{
  "_id": {
    "$oid": "6707439159c69c68200f2138"
  },
  "name": "bed and breakfast",
  "imgsrc": "1728529297088-5ed8f7c7-2e1f-43a8-9a39-4edfc81a3325.jpg",
  "__v": 0
}]